Top queries,Clicks,Impressions,CTR,Position
sd18 sports,5184,7665,67.63%,1.11
sd18,2955,7421,39.82%,2.24
sd 18 sports,1634,2709,60.32%,1.32
sd18 cap,967,1411,68.53%,1.13
sd 18,569,2284,24.91%,4.31
sd 18 cap,214,362,59.12%,1.27
sd18 jersey,202,309,65.37%,1.08
sd18 bat,128,291,43.99%,1
sd18 cap price,118,197,59.9%,1
sd18 sports jersey,91,162,56.17%,1.15
sd18 sports photos,76,658,11.55%,1.98
sd18 sports asansol,62,255,24.31%,2.06
sd sports,52,5126,1.01%,8.4
sd18 sports live,36,1105,3.26%,3.84
sd18 sports owner,30,620,4.84%,3.41
sd18 asansol,28,104,26.92%,1.4
sd18sports,19,168,11.31%,4.48
sd 18 sports asansol,17,67,25.37%,1.66
dues bat,13,6959,0.19%,4.06
sd 18 sports sasaram,13,95,13.68%,2.13
sd18 track pants,13,26,50%,1
sd18 sports t-shirt,9,18,50%,1
sd-18,7,1056,0.66%,4.28
sd18 cricket,7,374,1.87%,3.91
sd sport,6,602,1%,13.46
sd18 sport,6,290,2.07%,5.21
sd18 jacket,6,15,40%,4.4
sd bats,5,97,5.15%,7.29
sd18 sports track pants,5,13,38.46%,1
sd 18 bat,5,7,71.43%,1.14
18 sports,4,1195,0.33%,8.93
18 cap,4,1166,0.34%,8.94
sports shop near me,4,368,1.09%,8.35
sports 18,4,269,1.49%,13.92
sports shop in asansol,4,218,1.83%,6.43
sd18 sports cap,4,5,80%,1
sd bat,3,469,0.64%,8.59
sd sports shop,3,115,2.61%,6.98
sd sports 18,3,100,3%,5.84
sd 18 sport,3,69,4.35%,2.64
so18,3,34,8.82%,6.97
sd 18 asansol,3,12,25%,3.92
sd18 sports live score,3,11,27.27%,2.36
so18 sports,3,9,33.33%,1
sports shop asansol,2,248,0.81%,6.4
18sports,2,191,1.05%,7.49
s d sports,2,189,1.06%,8.25
18 bat,2,145,1.38%,5.85
best sports shop in asansol,2,66,3.03%,3.52
s018,2,13,15.38%,4.62
so18 bat,2,9,22.22%,2.78
sd18 cricket bat,2,6,33.33%,1
asansol sports shop,1,325,0.31%,6.02
sd cap,1,270,0.37%,10.27
18 caps,1,201,0.5%,9.22
18 sports shop,1,130,0.77%,6.62
18 cap price,1,129,0.78%,9.5
bat dues,1,51,1.96%,3.06
burnpur sports shop,1,46,2.17%,9.02
kashmir willow tennis bat,1,28,3.57%,47.82
sd sports app,1,19,5.26%,9.05
sd 018,1,12,8.33%,2.92
sd t shirt,1,12,8.33%,10
ans 18 cricket bat,1,10,10%,12.7
18bat,1,7,14.29%,5
price,1,5,20%,6
sd wear,1,3,33.33%,7.67
bat shop near me,1,1,100%,1
s018 bat,1,1,100%,1
what symbol is this,1,1,100%,3
best cricket sports shop near me,1,1,100%,8
best cricket shop in india,1,1,100%,41
sd18 sports camps,0,680,0%,6.66
sd18 live match,0,576,0%,9.85
how to choose the right sports gear,0,494,0%,9.35
dues bats,0,389,0%,6.95
sd18 sports latest,0,368,0%,4.35
how do i choose affordable sports protective gear for kids in india?,0,216,0%,2.68
sd sports latest,0,212,0%,11.24
sport 18,0,190,0%,31.04
"which cheap version of sporting gear is still good quality for beginners in 
india?",0,167,0%,5.61
sd 18 sports latest,0,162,0%,6.44
duse bat,0,151,0%,3.8
sd18 jersey latest,0,144,0%,6.05
sdsports,0,141,0%,8.34
what is the best sports protective gear for beginners in india?,0,138,0%,5.45
sd18 sport storage,0,136,0%,6.52
sd cricket,0,134,0%,11.59
sd18 live,0,133,0%,6.05
sd sportswear,0,131,0%,19.76
sd 18 sports live,0,104,0%,6.97
#sd18sports latest,0,98,0%,2.07
sd18 asansol latest,0,94,0%,7.44
ans 18 sports bat latest,0,90,0%,4.13
sd sport clothing,0,82,0%,12.4
18 bat latest,0,80,0%,5.45
and 18 bat,0,79,0%,3.25
sd sports clothing,0,78,0%,12.4
sd sports pali latest,0,72,0%,13.14
sd bat latest,0,70,0%,5.36
duess,0,69,0%,14.59
sd bat price,0,68,0%,9.84
sd caps,0,67,0%,9.46
#sd18,0,66,0%,6.14
dues bat price,0,64,0%,5.64
sd18 sports live latest,0,64,0%,6.58
sd18sport,0,64,0%,6.88
sd18 sports streaming,0,59,0%,8
best sports protective gear 2026 in india,0,59,0%,8.44
18 ans cricket bat latest,0,57,0%,12.75
sd cricket bat,0,55,0%,9.62
hat 18,0,54,0%,8.3
sd 18+,0,45,0%,4.96
dues ka bat,0,44,0%,5.95
sd sport latest,0,44,0%,12.43
l18 sports latest,0,43,0%,10.53
18 ball,0,39,0%,14.87
dues bat latest,0,38,0%,3.79
18 sd,0,38,0%,8.63
18 sports bat latest,0,37,0%,2.03
sdorts,0,36,0%,6.31
ans 18 bat latest,0,36,0%,8.75
sd sports live,0,36,0%,35.81
18 cricket bat latest,0,35,0%,11.09
499 bat app,0,34,0%,4.62
sd sports bat,0,34,0%,7.65
sd18 sport live,0,30,0%,7.47
18 bag,0,30,0%,9.77
sd unique sports,0,30,0%,10
sd18 live bands,0,29,0%,8.76
sports cart,0,29,0%,16.38
caps 18,0,29,0%,37.28
red duce ball,0,27,0%,7.3
18 hat,0,27,0%,10.33
www.asports .com,0,26,0%,5.96
18 ans bat,0,26,0%,7.04
dues ball bat price,0,26,0%,7.42
18+ sports,0,26,0%,9.96
sd18 cricket cricket news,0,26,0%,10.23
best cricket wear mobility performance,0,26,0%,25.08
sd bag,0,24,0%,9.42
sd bags,0,24,0%,10.33
eighteen sports,0,23,0%,9.35
s018 sports latest news updates,0,22,0%,6.32
499 bat,0,21,0%,7.05
sd ball latest,0,21,0%,9.48
hip hop cap,0,21,0%,49.24
sd18sportslive latest,0,20,0%,6.05
sd 18 sports brand ambassador,0,20,0%,6.75
18 login,0,20,0%,9.45
deus bat,0,20,0%,10.4
sd gloves,0,19,0%,6.37
sd 18sport,0,19,0%,6.68
ड्यूज बैट,0,18,0%,9.83
cric sd sports,0,18,0%,14.28
18 shoes red ball price,0,17,0%,10.29
18+ bat,0,16,0%,6.06
sport shop near me,0,16,0%,7.88
cap 18,0,15,0%,7.13
sd kit,0,15,0%,8.27
18 sport,0,15,0%,9.8
sd 18 jersey latest,0,14,0%,7.64
sports shop,0,14,0%,8.93
세븐에잇언더 슈참 레드 사이즈 220 240 250 270 280 290,0,14,0%,9.5
sports accessories,0,14,0%,42.07
buy dues jerseys online,0,14,0%,66.43
tillblue,0,13,0%,1
what are the top rated sports protective gear sets for adults in india?,0,13,0%,7.08
sport sd,0,13,0%,10.62
18 cricket,0,13,0%,12.46
dues cricket bat,0,13,0%,13.69
#legguard,0,13,0%,15.69
sd sports inside,0,12,0%,11
sd sports club,0,12,0%,12.67
sd cricket bat latest,0,12,0%,14.58
till blue,0,11,0%,1
18 kit,0,11,0%,6
sd18live,0,11,0%,6.18
sd sports logo,0,11,0%,7.64
ans 18 cricket bat price,0,11,0%,8.91
sports sd,0,11,0%,10.09
sports 18 cricket,0,11,0%,11.91
sd deportes,0,11,0%,17.55
tennis bat,0,11,0%,68.73
sd7 sports,0,10,0%,5.3
cap sd,0,10,0%,7.7
sd spor,0,10,0%,8
cricket equipment for fitness enthusiasts,0,10,0%,8.1
sd shirt,0,10,0%,8.9
#thighpads,0,10,0%,9.3
kashmir willow dues bat,0,10,0%,11.6
sd jersey,0,10,0%,12.5
swimming costume near me,0,9,0%,3.78
sd-018,0,9,0%,6.11
sd shirts,0,9,0%,9.22
sd tracksuit,0,9,0%,10
ans18 bat latest,0,9,0%,12.44
sdj sports,0,9,0%,37.33
tennis bat kashmir willow,0,9,0%,38.11
s cap,0,9,0%,40.56
sd18 gym,0,8,0%,1.88
sports shop near me open now,0,8,0%,5.75
sd18 cap latest,0,8,0%,7.62
18+ login,0,8,0%,8.75
sports store near me,0,8,0%,9.38
red ball,0,8,0%,10.75
sd online shopping,0,8,0%,11
sport leg guard,0,8,0%,11.25
blue bucket hat,0,8,0%,63.88
cricket kit price,0,8,0%,74.75
sasaram sports shop,0,7,0%,4.43
thighpads,0,7,0%,9.14
nearest sports shop near me,0,7,0%,10.14
sports leg guard,0,7,0%,10.86
sd football store,0,7,0%,11.14
red sky bag,0,7,0%,12.29
leg guards,0,7,0%,17
dues ball bat,0,7,0%,30.57
flexi xtreme,0,7,0%,82.86
wicket keeping gloves,0,7,0%,89
batting gloves,0,6,0%,3.33
best sports shop near me,0,6,0%,4.67
dues bat price in india,0,6,0%,5.5
football jersey shop near me,0,6,0%,7.67
dus bat,0,6,0%,8
18 brand cap,0,6,0%,8.33
des bat,0,6,0%,8.83
18 hats,0,6,0%,9.17
xx18 hat,0,6,0%,9.33
sd cricket kit,0,6,0%,11.5
sd sports studio,0,6,0%,14.17
sd cricket latest,0,6,0%,17
kashmir willow tennis cricket bat,0,6,0%,44.33
sg cap,0,6,0%,45.17
sg caps,0,6,0%,52.17
black wicket keeping gloves,0,6,0%,72.17
sports 18 shop,0,5,0%,6.8
sports shops near me,0,5,0%,6.8
sd ball,0,5,0%,7.8
18 football jersey,0,5,0%,9.4
dues cricket kit,0,5,0%,9.8
bat 18,0,5,0%,11.4
red ball 18,0,5,0%,12.4
duce bat,0,5,0%,20
ds sport bat latest,0,5,0%,21.6
navy blue bucket,0,5,0%,27.6
sd gear,0,5,0%,34.4
sd sneakers,0,5,0%,39.8
sdj sports ltd,0,5,0%,45.2
ss elbow guard,0,5,0%,49
s bat,0,5,0%,59
sport accessories online,0,5,0%,72.4
how to choose right size sports accessories online,0,4,0%,1
price in india,0,4,0%,4
dues bat weight,0,4,0%,6
sports item shop near me,0,4,0%,6
near me sports shop,0,4,0%,6.25
18 ka cap,0,4,0%,7
balls 18+,0,4,0%,8
kit 18,0,4,0%,8
sdesport,0,4,0%,8.5
18 ans bat latest,0,4,0%,9
bat sd,0,4,0%,9
sports jersey for men,0,4,0%,9
18 packs,0,4,0%,9.5
duceball,0,4,0%,9.75
nearby sports shop,0,4,0%,9.75
bat s,0,4,0%,10.25
sport leg guards,0,4,0%,10.5
l18 bat,0,4,0%,11.25
cricket shop near me,0,4,0%,12
₹699 tracksuit,0,4,0%,12.5
best cricket store in india,0,4,0%,22
sdut sports,0,4,0%,23.5
leg guard cricket,0,4,0%,36.75
sports accessories shop,0,4,0%,37.75
kashmir willow bat for tennis ball,0,4,0%,40.75
sportstop,0,4,0%,41.5
tennis bat online,0,4,0%,42.75
navy blue bucket hat,0,4,0%,54.5
sports accessories online,0,4,0%,55
kashmir willow hard tennis cricket bat,0,4,0%,55.5
elitebag,0,4,0%,56.5
maroon batting gloves,0,4,0%,59.5
thigh pad,0,4,0%,62.25
sdp cap,0,4,0%,62.75
kashmir willow cricket bat,0,4,0%,87.75
buy cricket kit bag,0,4,0%,88.75
cricket bat shop,0,4,0%,92.25
resistance bands,0,3,0%,1.33
sd 18 cricket bat,0,3,0%,1.67
gym wear shop near me,0,3,0%,3.67
ssd sports,0,3,0%,5.67
dues ball,0,3,0%,6.33
sports jersey shop near me,0,3,0%,7
cricket shops near me,0,3,0%,7.33
nearest sports shop,0,3,0%,7.67
punching bag shop near me,0,3,0%,7.67
red ball test,0,3,0%,8
ans 18 bat,0,3,0%,10
세븐에잇언더 슈참 레드 사이즈 220-240 250-270 280-290,0,3,0%,10.67
sportswear shop near me,0,3,0%,12.33
sdsports latest,0,3,0%,13.33
18 number cap,0,3,0%,16.67
cricket equipment shop near me,0,3,0%,20.67
sd pant,0,3,0%,21.67
cricket dues bat,0,3,0%,29.33
nylon tracksuit,0,3,0%,35.33
sdsport,0,3,0%,37.67
foam cricket bat,0,3,0%,48.33
buy sports accessories online,0,3,0%,50.67
sg hat,0,3,0%,50.67
best online cricket store in india,0,3,0%,57.67
sd keps,0,3,0%,62.67
7star 18,0,3,0%,66.33
cricket bag online,0,3,0%,90
sankha bat latest,0,3,0%,91
cricket kit online,0,3,0%,92
buy cricket kit online,0,3,0%,94
cricket bat online shopping,0,3,0%,99.67
due bat,0,2,0%,1
skate shop near me,0,2,0%,1
green flage,0,2,0%,1.5
location,0,2,0%,1.5
deus bat price,0,2,0%,2
sports shop design,0,2,0%,2.5
#sd18sportslive,0,2,0%,3
sduniquesports,0,2,0%,4
duce ball,0,2,0%,4.5
jersey sd,0,2,0%,4.5
mens s+d sport,0,2,0%,4.5
sd18 cricket live,0,2,0%,4.5
equipment,0,2,0%,5
kon sa company ka,0,2,0%,5
asansol sports shop latest,0,2,0%,5.5
sd bats latest,0,2,0%,5.5
18 tennis cricket bat latest,0,2,0%,6
sports t shirt near me,0,2,0%,6
nearby sports shop near me,0,2,0%,6.5
cricket items shop near me,0,2,0%,7
price of this ball,0,2,0%,7
s d sport,0,2,0%,7
"s.d. sports-best cricket shop in dwarka | best sports shop in uttam nagar 
photos",0,2,0%,7
sports shop near me within 8.1 km,0,2,0%,7
near sports shop,0,2,0%,7.5
cricket item shop near me,0,2,0%,8
cricket shop,0,2,0%,8
ball 18,0,2,0%,8.5
cricket backpacks,0,2,0%,8.5
cricket jersey shop near me,0,2,0%,8.5
ssd tennis bat,0,2,0%,8.5
18 cricket kit,0,2,0%,9
dues bag,0,2,0%,9
nearest sports shop in my location,0,2,0%,9
sports 18.com,0,2,0%,9
78under 슈참 레드 사이즈 220 240 250 270 280 290,0,2,0%,9.5
balls 18,0,2,0%,9.5
cricket accessories india,0,2,0%,9.5
sandy sports bat,0,2,0%,9.5
sd cap price,0,2,0%,9.5
badminton store near me,0,2,0%,10
resistance bands near me,0,2,0%,10
sd sports dwarka,0,2,0%,10
sport shop near,0,2,0%,10
sports wholesale shop near me,0,2,0%,10
gym clothes near me,0,2,0%,11
price in bangladesh,0,2,0%,11
sdssport,0,2,0%,11
sports shops,0,2,0%,11
18 jersey,0,2,0%,12
sports near me,0,2,0%,12.5
cricket kit shop near me,0,2,0%,13
raniganj sports shop,0,2,0%,13.5
18 balls,0,2,0%,14
sd official shop,0,2,0%,15.5
dues ball latest,0,2,0%,16
جيمني,0,2,0%,16
black hip hop cap,0,2,0%,17
gym equipment shop in asansol,0,2,0%,19
white duce ball,0,2,0%,23
best cricket shop near me,0,2,0%,25.5
bat tennis,0,2,0%,36
cricket leg guard,0,2,0%,39
tennis cricket bat kashmir willow,0,2,0%,43
cricket equipment in india,0,2,0%,44
sd hats,0,2,0%,44
csd bags,0,2,0%,51
tennis ball cricket kit,0,2,0%,51.5
sports cap,0,2,0%,56.5
camou,0,2,0%,57.5
polo football jersey,0,2,0%,63.5
tennis cricket bat online,0,2,0%,67.5
don bat,0,2,0%,72.5
bat accessories,0,2,0%,76
best tennis bat,0,2,0%,78
cricket kit set online,0,2,0%,83
cricket sweatshirt,0,2,0%,83.5
flexi a batts,0,2,0%,84
cricket kit,0,2,0%,86.5
leg guard,0,2,0%,87
cricket kit online shopping,0,2,0%,90.5
sis bat,0,2,0%,91
thigh guard,0,2,0%,91.5
buy cricket thigh pad,0,2,0%,94.5
buy cricket bat online,0,2,0%,95.5
buy cricket bats,0,2,0%,97.5
cricket bat accessories,0,2,0%,111.5
"a cinematic streetwear photoshoot of a teenage boy standing on an outdoor 
basketball court,don't change out fit, face, head slightly down covering 
face with hand, natural pose, multiple motion clones of the same person 
walking around him creating a motion blur effect, dramatic lighting, dark 
moody sky, high contrast, sharp focus on main subject, depth of field, 
fashion editorial style, urban environment, trees in background, realistic 
shadows, 4k ultra realistic, nike style campaign, poster design.",0,1,0%,1
akash deep net worth,0,1,0%,1
aur pad,0,1,0%,1
bat fees,0,1,0%,1
blos,0,1,0%,1
convert this into hindi.,0,1,0%,1
cricket,0,1,0%,1
cricket accessories shop near me,0,1,0%,1
full kit,0,1,0%,1
give me image,0,1,0%,1
ha,0,1,0%,1
jersey shop in asansol,0,1,0%,1
koto dam,0,1,0%,1
mrp,0,1,0%,1
myanmar,0,1,0%,1
online cricket accessories,0,1,0%,1
purple cap mockup,0,1,0%,1
red ball images,0,1,0%,1
s+d sport,0,1,0%,1
sd,0,1,0%,1
sdbat,0,1,0%,1
skateboard shop near me,0,1,0%,1
sports gear reviews,0,1,0%,1
sv 18 hat,0,1,0%,1
what is the mrp of,0,1,0%,1
whos this guy,0,1,0%,1
подушка,0,1,0%,1
18sport,0,1,0%,2
ab sports,0,1,0%,2
address,0,1,0%,2
cantact number,0,1,0%,2
f1 stores near me,0,1,0%,2
photo dikhaiye,0,1,0%,2
sdm sports,0,1,0%,2
shiv naresh showroom near me,0,1,0%,2
syed danish,0,1,0%,2
top 10,0,1,0%,2
unka photo,0,1,0%,2
what is name of this person,0,1,0%,2
who is this person,0,1,0%,2
yes,0,1,0%,2
1649+749,0,1,0%,3
adress bataiye,0,1,0%,3
cricket online shopping india,0,1,0%,3
cricket store india,0,1,0%,3
double maya,0,1,0%,3
facebook,0,1,0%,3
in gear,0,1,0%,3
indian brand,0,1,0%,3
live scorecards,0,1,0%,3
samanya saman,0,1,0%,3
sd اسپرت,0,1,0%,3
title,0,1,0%,3
top com,0,1,0%,3
ye kha pe h,0,1,0%,3
18+ bats,0,1,0%,4
18sd,0,1,0%,4
athleisure store near me,0,1,0%,4
cheap sports protective gear options in india,0,1,0%,4
cricket store online india,0,1,0%,4
english me,0,1,0%,4
legit?,0,1,0%,4
sports material shop near me,0,1,0%,4
sports18,0,1,0%,4
18 shoes,0,1,0%,5
18 sports shoes,0,1,0%,5
18+ kit,0,1,0%,5
asansol jersey shop,0,1,0%,5
badminton bag,0,1,0%,5
best gym wear shop near me,0,1,0%,5
cd 18 cricket shoes,0,1,0%,5
cricket bat dues,0,1,0%,5
football shop near me,0,1,0%,5
kids sports shop near me,0,1,0%,5
name all,0,1,0%,5
red test ball,0,1,0%,5
sd films,0,1,0%,5
sd tshirt,0,1,0%,5
solid18,0,1,0%,5
sports equipment shop near me,0,1,0%,5
sports goods shop near me,0,1,0%,5
sports stores near me,0,1,0%,5
what is his name,0,1,0%,5
xx 18 hat,0,1,0%,5
7star 18+,0,1,0%,6
gym wear shop for women near me,0,1,0%,6
jersey shops near me,0,1,0%,6
new rock style,0,1,0%,6
sd pad,0,1,0%,6
sd اسپورت,0,1,0%,6
so 18,0,1,0%,6
sported,0,1,0%,6
sports channels,0,1,0%,6
sports clothes near me,0,1,0%,6
sports gear shop near me,0,1,0%,6
sports item near me,0,1,0%,6
sports shop near.me,0,1,0%,6
sports shops near me within 1.6 km,0,1,0%,6
syed danish asansol,0,1,0%,6
best cricket store near me,0,1,0%,7
best sports protective gear 2026 india,0,1,0%,7
boxing gloves store near me,0,1,0%,7
football boots shop near me,0,1,0%,7
link,0,1,0%,7
mountaineering shops near me,0,1,0%,7
near by sport shop,0,1,0%,7
near me cricket sports shop,0,1,0%,7
quity,0,1,0%,7
shiv naresh tracksuit shop near me,0,1,0%,7
skateboard for men,0,1,0%,7
sports shop near me open today,0,1,0%,7
sports t shirt shop near me,0,1,0%,7
sunkarapalem caps,0,1,0%,7
swimming costume shop near me,0,1,0%,7
which cheap version of sporting gear is still good quality for beginners?,0,1,0%,7
"18"" ball",0,1,0%,8
2999 bat,0,1,0%,8
8% of 1299,0,1,0%,8
badminton accessories near me,0,1,0%,8
badminton shop near me,0,1,0%,8
bat ball,0,1,0%,8
company site,0,1,0%,8
gym gloves shop near me,0,1,0%,8
gym wear shop near me ladies,0,1,0%,8
hockey shop near me,0,1,0%,8
jersey shop near me,0,1,0%,8
lebih keren,0,1,0%,8
most popular sports accessories for athletes 2025,0,1,0%,8
scdd hat,0,1,0%,8
sd pack,0,1,0%,8
sports cricket shop near me,0,1,0%,8
sports shop baseball,0,1,0%,8
sports shop near me wholesale,0,1,0%,8
sports showroom,0,1,0%,8
sports tracksuit for men,0,1,0%,8
www sports com cap,0,1,0%,8
+18 caps,0,1,0%,9
18hat,0,1,0%,9
badminton shops near me,0,1,0%,9
big sports shop,0,1,0%,9
cap shop near me,0,1,0%,9
cricket showroom near me,0,1,0%,9
duse bat price,0,1,0%,9
find the look,0,1,0%,9
football accessories shop near me,0,1,0%,9
football jersey store near me,0,1,0%,9
javelin store near me,0,1,0%,9
nearby jersey shop,0,1,0%,9
nearest bat shop,0,1,0%,9
punching bag store near me,0,1,0%,9
sports 18 website,0,1,0%,9
sports shop near,0,1,0%,9
sports store,0,1,0%,9
swimming suit store near me,0,1,0%,9
the sports shop near me,0,1,0%,9
top rated sports shop near me,0,1,0%,9
yas,0,1,0%,9
+18 sports,0,1,0%,10
asansol cricket shop,0,1,0%,10
city sports shop,0,1,0%,10
cricket kit store near me,0,1,0%,10
how to find the best sports gear deals,0,1,0%,10
in india,0,1,0%,10
near sports shop near me,0,1,0%,10
photo ka colour,0,1,0%,10
s18 online shop,0,1,0%,10
sandy bat latest,0,1,0%,10
sd black,0,1,0%,10
sd cricket tennis,0,1,0%,10
sd hat,0,1,0%,10
sport shop near me open now,0,1,0%,10
sports dress near me,0,1,0%,10
sports dukan near me,0,1,0%,10
sports equipment,0,1,0%,10
sports shop near to me,0,1,0%,10
sportsaccessories,0,1,0%,10
swimming goggles near me,0,1,0%,10
18 company cap,0,1,0%,11
cricket jersey store near me,0,1,0%,11
csd bat price,0,1,0%,11
dls bat,0,1,0%,11
sv18 hat,0,1,0%,11
tshirt,0,1,0%,11
11596,0,1,0%,12
1299 - 30%,0,1,0%,12
18 cricket bat,0,1,0%,12
cricket shop india,0,1,0%,12
essential cricket equipment for recreational players recommendations,0,1,0%,12
nylon bat,0,1,0%,12
pajama kurta,0,1,0%,12
sports kit shop,0,1,0%,12
sports shop near me swimming costume,0,1,0%,12
wie viel kostet das,0,1,0%,12
"₹ 1,749",0,1,0%,12
"₹11,610",0,1,0%,12
18 bags,0,1,0%,13
cricket sports shop near me,0,1,0%,13
dues bat kashmir willow,0,1,0%,13
football t shirt india,0,1,0%,13
sd t-shirt,0,1,0%,13
sports gear online,0,1,0%,13
cap 18+,0,1,0%,14
cost price in india,0,1,0%,14
cricket bat store near me,0,1,0%,14
how price in india,0,1,0%,14
navy blue and red cap,0,1,0%,14
sd sports rajapuri,0,1,0%,14
yaa,0,1,0%,14
kimat,0,1,0%,15
পিক,0,1,0%,15
이거 어디꺼야?,0,1,0%,15
bats tennis,0,1,0%,16
green 18 football,0,1,0%,16
bhabhi ke sath,0,1,0%,17
master bag online,0,1,0%,17
movie name,0,1,0%,17
nif 503646776,0,1,0%,17
what is this,0,1,0%,17
online tennis bat,0,1,0%,18
price of this bat,0,1,0%,18
sports shoes near me,0,1,0%,18
give me some information,0,1,0%,19
how much cost in india,0,1,0%,19
kashmiri willow tennis bat,0,1,0%,19
rates,0,1,0%,19
このコーデどう？,0,1,0%,19
back 18,0,1,0%,20
cricket bat 18+,0,1,0%,20
kashmiri cricket bat,0,1,0%,20
this,0,1,0%,20
1,0,1,0%,21
shop,0,1,0%,21
sport +18,0,1,0%,21
what is this ball,0,1,0%,21
change dress,0,1,0%,22
sd sports live cricket,0,1,0%,22
what is the cost for this?,0,1,0%,22
where can i find,0,1,0%,22
颜色,0,1,0%,22
cricket backpack,0,1,0%,23
india cricket bucket hat,0,1,0%,23
sports 18 hd,0,1,0%,23
hip hop caps,0,1,0%,24
navy blue bucket hat near me,0,1,0%,24
sg backpack,0,1,0%,24
"aisports18, sports club",0,1,0%,25
cricket shops in india,0,1,0%,25
long description,0,1,0%,25
sd18t,0,1,0%,25
blue bucket hats,0,1,0%,26
masterbag,0,1,0%,26
sports 18 logo,0,1,0%,26
tennis bat order latest,0,1,0%,26
sd sport live,0,1,0%,27
sdcts,0,1,0%,27
cricket dues ball,0,1,0%,28
sdtoo,0,1,0%,28
sports accessories india,0,1,0%,28
india cricket team sweatshirt,0,1,0%,29
which bat is this,0,1,0%,29
អាវធំ,0,1,0%,29
dsc backpack,0,1,0%,32
prosoft ball,0,1,0%,33
sc caps,0,1,0%,33
sd wave shop,0,1,0%,33
sports78,0,1,0%,33
cricket equipment india,0,1,0%,35
sm18 turf,0,1,0%,36
cricket school bags,0,1,0%,38
kashmiri willow bat tennis,0,1,0%,38
every athlete,0,1,0%,39
nsg cap,0,1,0%,40
sd store,0,1,0%,40
matchlite,0,1,0%,41
sd sports teams,0,1,0%,42
sgo cricket,0,1,0%,43
elbow guard cricket,0,1,0%,45
sds sports,0,1,0%,46
sport 68,0,1,0%,46
velvet tracksuits,0,1,0%,46
tennis bats,0,1,0%,47
11594,0,1,0%,48
velvet tracksuit,0,1,0%,48
sky blue tracksuit,0,1,0%,49
sds sport,0,1,0%,50
sports shop near me cricket bat,0,1,0%,51
sdj sports limited,0,1,0%,54
best cricket equipment,0,1,0%,56
buy tennis bat,0,1,0%,56
sdc sport,0,1,0%,56
4k hd,0,1,0%,58
batting gloves maroon,0,1,0%,59
dues cricket ball,0,1,0%,62
sports backpack,0,1,0%,62
dasher bag,0,1,0%,63
player edition kit bag,0,1,0%,63
sm 18,0,1,0%,63
sdc sports,0,1,0%,64
sdcap,0,1,0%,64
sports gadgets,0,1,0%,66
blackship,0,1,0%,67
sport pads,0,1,0%,67
sports cap online,0,1,0%,67
sdc sports llc,0,1,0%,69
cap s,0,1,0%,71
bat symbol in sky,0,1,0%,72
quality sport online,0,1,0%,72
499 tan t shirt,0,1,0%,75
cricket kit bags online,0,1,0%,75
willow cricket app,0,1,0%,75
cricket tennis handle kashmir willow,0,1,0%,76
7 star 18+,0,1,0%,78
best cricket kit,0,1,0%,79
cricket kit price in india,0,1,0%,79
buy cricket shoes,0,1,0%,82
willow cricket bat,0,1,0%,82
asansol shoes shop,0,1,0%,86
buy cricket bats online,0,1,0%,88
cricket ball shop,0,1,0%,89
tennis ball cricket bats,0,1,0%,89
cricket kit bag online shopping,0,1,0%,90
buy cricket shoes online,0,1,0%,91
cricket thigh guard,0,1,0%,92
cricket shoes online,0,1,0%,96
18ball,0,1,0%,98
cricket bats online,0,1,0%,99
best cricket kit bag,0,1,0%,111